osm_id,osm_type,name,highway,place,dynamic_risk,risk_category,priority
245729844,node,Khaddum,,hamlet,0.09357043355703354,LOW,LOW
245730192,node,Sibbari,,village,0.011988839134573936,LOW,LOW
245730713,node,Burengapara,,village,0.3741077482700348,ELEVATED,MODERATE
245731637,node,Sutnga,,village,0.10167547315359116,LOW,LOW
245732730,node,Langkyrdem,,village,0.2948720455169678,MODERATE,LOW
245733093,node,Laitmawsiang,,village,0.3209390342235565,MODERATE,LOW
245734409,node,Adugiri,,village,0.05463467538356781,LOW,LOW
245734694,node,Mairang,,village,0.589644193649292,HIGH,HIGH
245734988,node,Barato,,village,0.11272165179252625,LOW,LOW
245735667,node,Nartiang,,village,0.323713481426239,MODERATE,LOW
245736092,node,Samanda,,village,0.08226358890533447,LOW,LOW
245736242,node,Asananggiri,,village,0.4640680253505707,ELEVATED,MODERATE
245736665,node,Rambrei,,village,0.7277863025665283,VERY HIGH,VERY HIGH
245736680,node,Cherano,,village,0.085848368704319,LOW,LOW
245737555,node,Umroi,,village,0.23904527723789215,MODERATE,LOW
245737700,node,Hatsinigmari,,village,,NO DATA,NO DATA
245737768,node,Dambu,,village,0.1095566377043724,LOW,LOW
245738741,node,Bangsi,,village,0.597930371761322,HIGH,HIGH
245739251,node,Kseh Kyntang,,village,0.1082492470741272,LOW,LOW
245739605,node,Mynser,,hamlet,0.07662128657102585,LOW,LOW
245739851,node,Bajengdoba,,village,,NO DATA,NO DATA
245739886,node,Phulbari,,village,,NO DATA,NO DATA
245740851,node,Loharghat,,village,,NO DATA,NO DATA
245742016,node,Chhaygaon,,village,,NO DATA,NO DATA
245742069,node,Baida,,village,,NO DATA,NO DATA
245742364,node,Krishnai,,village,,NO DATA,NO DATA
566672796,node,Myrdon,,village,0.46222054958343506,ELEVATED,MODERATE
664138126,node,Umsning,,village,0.2648467719554901,MODERATE,LOW
746995482,node,Barapani,,village,0.1384136825799942,LOW,LOW
830103865,node,Dawki,,village,0.13546639680862427,LOW,LOW
1262013875,node,Rngat,,village,0.08805285394191742,LOW,LOW
1262014179,node,Nolikata,,village,0.01719464361667633,LOW,LOW
1262014344,node,Mynso,,village,0.45649203658103943,ELEVATED,MODERATE
1262014463,node,Shella,,village,0.3364170491695404,MODERATE,LOW
1262014487,node,Ratacherra,,village,0.03796027973294258,LOW,LOW
1262014578,node,Mawryngkneng,,village,0.524258017539978,HIGH,HIGH
1262014635,node,Muktapur,,village,0.043486081063747406,LOW,LOW
1262014817,node,Balat,,village,0.3184703290462494,MODERATE,LOW
1262014838,node,Umling,,village,,NO DATA,NO DATA
1262014939,node,Laskein,,village,0.07568233460187912,LOW,LOW
1262014982,node,Amlarem,,village,0.02452530711889267,LOW,LOW
1262015020,node,Thadlaskein,,village,0.1913451999425888,LOW,LOW
1262015033,node,Saipung,,village,0.049153801053762436,LOW,LOW
1262015039,node,Nongjri Tishang,,hamlet,0.28904807567596436,MODERATE,LOW
1262015202,node,Mawkynrew,,hamlet,0.23629631102085114,MODERATE,LOW
1262015226,node,Bapung,,village,0.14656148850917816,LOW,LOW
1262015292,node,Khanduli,,village,0.05190608277916908,LOW,LOW
1262015648,node,Pyndem Mawthawiong,,village,0.1749585121870041,LOW,LOW
1262084616,node,Zikzak,,village,0.49540629982948303,ELEVATED,MODERATE
1262084701,node,Nengkhra,,village,0.055539682507514954,LOW,LOW
1262085027,node,Rewak,,village,0.11872369796037674,LOW,LOW
1262085246,node,Betasing,,village,0.00953298807144165,LOW,LOW
1262085444,node,Nonshram,,village,0.4028870463371277,ELEVATED,MODERATE
1262085445,node,Bhaitbari,,village,,NO DATA,NO DATA
1329752259,node,Dainadubi,,village,0.2587887942790985,MODERATE,LOW
1329752271,node,Darugiri,,village,0.1646595150232315,LOW,LOW
1329752276,node,Nongdaju,,village,0.10168831050395966,LOW,LOW
1472175417,node,ভোলাগঞ্জ,,village,0.0004285714530851692,LOW,LOW
1739922352,node,Fakirganj,,village,,NO DATA,NO DATA
1811210915,node,Sontoli,,village,,NO DATA,NO DATA
2037923462,node,Rongrengiri,,village,0.04529275745153427,LOW,LOW
2037923463,node,Singrimari,,village,,NO DATA,NO DATA
2382510495,node,Noapara,,village,0.014649512246251106,LOW,LOW
2382511153,node,Durmut,,village,0.025364186614751816,LOW,LOW
2382511154,node,Kulia,,village,0.027601825073361397,LOW,LOW
2382512954,node,Gaibandha,,village,0.002218750072643161,LOW,LOW
2382512955,node,Goaler Char,,village,0.0,LOW,LOW
2382512956,node,Palbandha,,village,0.0,LOW,LOW
2382512957,node,Patharsi,,village,0.0,LOW,LOW
2382519624,node,Bagar Char,,village,0.007160714361816645,LOW,LOW
2382519627,node,Battajore,,village,0.0,LOW,LOW
2382519628,node,Char Aomkhaoa,,village,0.005889137275516987,LOW,LOW
2382519629,node,Char Goalini,,village,0.0014791666762903333,LOW,LOW
2382519630,node,Char Putimari,,village,0.0,LOW,LOW
2382519633,node,Dangdhara,,village,0.0036093750968575478,LOW,LOW
2382519634,node,Dhanua,,village,0.010078124701976776,LOW,LOW
2382519635,node,Hatebhanga,,village,0.0026874998584389687,LOW,LOW
2382519637,node,Merur Char,,village,0.0,LOW,LOW
2382519638,node,Nilakhia,,village,0.016149554401636124,LOW,LOW
2382519639,node,Par Ramrampur,,village,0.0,LOW,LOW
2382519640,node,Sadhupara,,village,0.0,LOW,LOW
2481961855,node,Sanandabari,,village,0.00982812512665987,LOW,LOW
2492503548,node,Mawngap,,village,0.1269904524087906,LOW,LOW
2622298700,node,Gajni,,village,0.0035312501713633537,LOW,LOW
2659224784,node,Baghber Kalaspar,,village,0.010591130703687668,LOW,LOW
2659224785,node,Bajitkhila,,village,0.0020412500016391277,LOW,LOW
2659224787,node,Behula,,village,0.0,LOW,LOW
2659224794,node,Char Sherpur,,village,0.005920892581343651,LOW,LOW
2659224795,node,Dhala,,village,0.019471468403935432,LOW,LOW
2659224797,node,Garjaripa,,village,0.000887499947566539,LOW,LOW
2659224798,node,Ghazir Khamar,,village,0.0014199999859556556,LOW,LOW
2659224799,node,Gosalpur,,village,0.0,LOW,LOW
2659224800,node,Hatibandha Maljhibandha,,village,0.0014791666762903333,LOW,LOW
2659224801,node,Jogania,,village,0.020472044125199318,LOW,LOW
2659224802,node,Kakilakura,,village,0.03897321596741676,LOW,LOW
2659224804,node,Kangsha Dhansail,,village,0.019548362120985985,LOW,LOW
2659224805,node,Kharia Kazir Char,,village,0.04136665537953377,LOW,LOW
2659224806,node,Kurikahania,,village,0.000887499947566539,LOW,LOW
2659224809,node,Nalitabari Kakarkandi,,village,0.0064071426168084145,LOW,LOW
2659224810,node,Nalkura Gauripur,,village,0.01715029776096344,LOW,LOW
2659224811,node,Nunni Paragon,,village,0.0009000000427477062,LOW,LOW
2659224812,node,Pakuria,,village,0.008486894890666008,LOW,LOW
2659224814,node,Rajnagar,,village,0.004530475940555334,LOW,LOW
2659224815,node,Ramchandrakura Mandalia,,village,0.0,LOW,LOW
2659224816,node,Rani Shimul,,village,0.0,LOW,LOW
2659224818,node,Rupnarayankura Marichpura,,village,0.009585178457200527,LOW,LOW
2659224819,node,Singa Baruna,,village,0.008543899282813072,LOW,LOW
2659224820,node,Sreebardi,,village,0.0,LOW,LOW
2659224822,node,Tantihati,,village,0.0009374999790452421,LOW,LOW
2659224823,node,Urpha,,village,0.02661813236773014,LOW,LOW
2797030484,node,Bongaon,,village,0.002611785661429167,LOW,LOW
2815723705,node,Amtail,,village,0.002274999860674143,LOW,LOW
2815723725,node,Bhubankura,,village,0.0,LOW,LOW
2815723726,node,Bildora,,village,0.008432677946984768,LOW,LOW
2815723737,node,Daskhin Majipara,,village,0.004062499850988388,LOW,LOW
2815723742,node,Dhara,,village,0.036018792539834976,LOW,LOW
2815723744,node,Dhurail,,village,0.030204106122255325,LOW,LOW
2815723748,node,Gamaritola,,village,0.020498303696513176,LOW,LOW
2815723750,node,Gazir Bhita,,village,0.03176562488079071,LOW,LOW
2815723753,node,Ghoshgaon,,village,0.033087052404880524,LOW,LOW
2815723754,node,Guatala,,village,0.012629732489585876,LOW,LOW
2815723760,node,Jugil,,village,0.004549999721348286,LOW,LOW
2815723762,node,Kaichapur,,village,0.014111329801380634,LOW,LOW
2815723785,node,Narail,,village,0.0,LOW,LOW
2815723790,node,Pora Kandulia,,village,0.009126964025199413,LOW,LOW
2815724306,node,Sakual,,village,0.004374788608402014,LOW,LOW
2815724315,node,Swadeshi,,village,0.013929106295108795,LOW,LOW
3178190161,node,Mawlynnong,,hamlet,0.1487025022506714,LOW,LOW
3440747756,node,Tikrikila,,village,,NO DATA,NO DATA
3489223621,node,Mawphlang,,village,0.2997415363788605,MODERATE,LOW
3498512460,node,Mawkasiang,,village,0.4372057318687439,ELEVATED,MODERATE
3498512461,node,Mawpdang,,village,0.2282543033361435,MODERATE,LOW
3498512462,node,Tynring,,village,0.24560122191905975,MODERATE,LOW
3498528953,node,Mawdiangdiang,,village,0.5617043972015381,HIGH,HIGH
3498593553,node,Ishyrwat,,village,0.5560269951820374,HIGH,HIGH
3588842645,node,Rongmara,,village,0.004124999511986971,LOW,LOW
3642843359,node,Beheli,,village,0.0009250000002793968,LOW,LOW
3642843363,node,Fatehpur,,village,0.04213181510567665,LOW,LOW
3642843369,node,Sachna Bazar,,village,0.0014800000935792923,LOW,LOW
3642846277,node,Chandigarh,,village,0.01456434465944767,LOW,LOW
3642846278,node,Dakshin Badal,,village,0.010104870423674583,LOW,LOW
3642846279,node,Dakshin Bangshikunda,,village,0.0015416668029502034,LOW,LOW
3642846280,node,Dakshin Sreepur,,village,0.0,LOW,LOW
3642846281,node,Kharnai,,village,0.02458984963595867,LOW,LOW
3642846282,node,Kullagora,,village,0.0,LOW,LOW
3642846283,node,Lengura,,village,0.043334249407052994,LOW,LOW
3642846284,node,Madhyanagar,,village,0.0,LOW,LOW
3642846285,node,Rangchhati,,village,0.03955257311463356,LOW,LOW
3642846286,node,Uttar Badaghat,,village,0.0332210510969162,LOW,LOW
3642846287,node,Uttar Badal,,village,0.022000813856720924,LOW,LOW
3642846288,node,Uttar Bangshikunda,,village,0.0035624997690320015,LOW,LOW
3642846289,node,Uttar Sreepur,,village,0.005198214668780565,LOW,LOW
3642855937,node,Bakaljora,,village,0.037045784294605255,LOW,LOW
3642855938,node,Bara Kharpan,,village,0.0004625000001396984,LOW,LOW
3642855940,node,Chamardani,,village,0.0,LOW,LOW
3642855943,node,Ghagra,,village,0.002227500081062317,LOW,LOW
3642855945,node,Kakairgara,,village,0.0,LOW,LOW
3642855947,node,Kallati,,village,0.03527139872312546,LOW,LOW
3642855953,node,Nazirpur,,village,0.0,LOW,LOW
3642855955,node,Pogla,,village,0.0,LOW,LOW
3677642605,node,Agia,,village,,NO DATA,NO DATA
3677642608,node,Solmari,,village,,NO DATA,NO DATA
3702093694,node,শিবগঞ্জ,,village,0.006814166903495789,LOW,LOW
3933644721,node,Nongriat,,hamlet,0.36433684825897217,ELEVATED,MODERATE
3977978763,node,দাঁতভাঙ্গা,,village,,NO DATA,NO DATA
3977978764,node,ঘোগাদহ,,village,,NO DATA,NO DATA
3977978767,node,যাদুরচর,,village,0.005515625234693289,LOW,LOW
3977978782,node,নয়ারহাট,,village,0.01654687523841858,LOW,LOW
3977978786,node,শৌলমারী,,village,0.020937498658895493,LOW,LOW
3980086856,node,বল্লভেরখাস,,village,,NO DATA,NO DATA
3980088457,node,বামনডাঙ্গা,,village,,NO DATA,NO DATA
3980088461,node,বেরুবাড়ী,,village,,NO DATA,NO DATA
3980088465,node,ভিতরবন্দ,,village,,NO DATA,NO DATA
3980088476,node,নারায়ণপুর,,village,,NO DATA,NO DATA
3980088479,node,পাইকেরছড়া,,village,,NO DATA,NO DATA
3992043594,node,এরেন্ডাবাড়ী,,village,0.008101190440356731,LOW,LOW
3992043601,node,মোল্লারচর,,village,0.010734375566244125,LOW,LOW
4021621746,node,Rangthong,,village,0.17151206731796265,LOW,LOW
4022577378,node,Mawlong,,hamlet,0.44836172461509705,ELEVATED,MODERATE
4022666867,node,,,hamlet,0.21550263464450836,MODERATE,LOW
4022667266,node,Mawpud,,village,0.34090614318847656,MODERATE,LOW
4022779331,node,,,village,0.45359811186790466,ELEVATED,MODERATE
4123548023,node,Rongmachokgiri,,village,,NO DATA,NO DATA
4571353823,node,Mawsmai,,hamlet,0.15140752494335175,LOW,LOW
4571356292,node,Nongsawlia,,village,0.26351380348205566,MODERATE,LOW
4571405213,node,Naypyingsynn,,hamlet,0.1854603886604309,LOW,LOW
4571408897,node,Riwai,,hamlet,0.18851619958877563,LOW,LOW
4712024278,node,Tapirkona,,village,0.012203393504023552,LOW,LOW
4712024279,node,Madhyanagar Bazar,,village,0.03080323338508606,LOW,LOW
4806821432,node,,,village,,NO DATA,NO DATA
4806821433,node,,,village,,NO DATA,NO DATA
4839292004,node,Motorghat,,hamlet,0.021483730524778366,LOW,LOW
4905897536,node,Nohwet,,village,0.1724509447813034,LOW,LOW
5352503441,node,Khasi Tribe,,hamlet,0.561302125453949,HIGH,HIGH
5352503442,node,Sumer Village,,village,0.07785719633102417,LOW,LOW
5352503443,node,Sumer,,hamlet,0.3890458047389984,ELEVATED,MODERATE
5352802717,node,Mawmluh,,village,0.0917758196592331,LOW,LOW
5352802732,node,Wahlong,,hamlet,0.2658872902393341,MODERATE,LOW
5352802733,node,Ryngud,,hamlet,0.28843119740486145,MODERATE,LOW
5352802961,node,Sohbar Village,,village,0.4914417564868927,ELEVATED,MODERATE
5352802962,node,Laittyra,,hamlet,0.15179580450057983,LOW,LOW
5352803475,node,Jasir,,hamlet,0.37134724855422974,ELEVATED,MODERATE
5352803496,node,Sohsarat,,hamlet,0.4135879576206207,ELEVATED,MODERATE
5352803497,node,Nongwar,,village,0.1135035827755928,LOW,LOW
5352807461,node,Laitiam,,hamlet,0.39451634883880615,ELEVATED,MODERATE
5353084046,node,Village,,hamlet,0.3184371590614319,MODERATE,LOW
5353084090,node,Mawphu,,hamlet,0.4235794246196747,ELEVATED,MODERATE
5353533659,node,Jymmang ne Mawshamok,,hamlet,0.3764467239379883,ELEVATED,MODERATE
5353533660,node,Tyrna,,hamlet,0.27567192912101746,MODERATE,LOW
5353533661,node,Umblai,,hamlet,0.4761383831501007,ELEVATED,MODERATE
5353533785,node,Mawsahew,,hamlet,0.3817313015460968,ELEVATED,MODERATE
5353533864,node,Village,,hamlet,0.2562326490879059,MODERATE,LOW
5353533865,node,Tynrong,,hamlet,0.10242338478565216,LOW,LOW
5353533984,node,Pyndemdkhar,,hamlet,0.44421395659446716,ELEVATED,MODERATE
5353534186,node,Mynteng,,hamlet,0.3978264033794403,ELEVATED,MODERATE
5353534187,node,Mawjyndem,,hamlet,0.4600104093551636,ELEVATED,MODERATE
5353534188,node,Mawlakhiat,,hamlet,0.4800795614719391,ELEVATED,MODERATE
5353534647,node,Phlangmawsyrpat,,hamlet,0.3023237884044647,MODERATE,LOW
5353534648,node,Phlangsynnei,,hamlet,0.031609442085027695,LOW,LOW
5353534833,node,Lyngkhom,,hamlet,0.3621026575565338,ELEVATED,MODERATE
5353534834,node,Tyngnger,,hamlet,0.29593855142593384,MODERATE,LOW
5353534835,node,Tyngnger,,hamlet,0.25063207745552063,MODERATE,LOW
5353534836,node,Dewsaw,,hamlet,0.25945550203323364,MODERATE,LOW
5354919912,node,Mawkasaiñ,,village,0.3969373106956482,ELEVATED,MODERATE
5354919914,node,Lumdiengngan,,village,0.11485777795314789,LOW,LOW
5354919981,node,Nongrim,,village,0.30297616124153137,MODERATE,LOW
5354920009,node,Sohmynken,,village,0.16140900552272797,LOW,LOW
5354920116,node,Mawdon,,hamlet,0.30896541476249695,MODERATE,LOW
5354920117,node,Mawkhan,,hamlet,0.1949894279241562,LOW,LOW
5354920167,node,Thyllaw,,village,0.23069919645786285,MODERATE,LOW
5355167393,node,Langar,,hamlet,0.34128034114837646,MODERATE,LOW
5355287501,node,Village,,village,0.1696934849023819,LOW,LOW
5355287589,node,Village,,hamlet,0.2336215227842331,MODERATE,LOW
5359722626,node,Mawkawir,,hamlet,0.2516917586326599,MODERATE,LOW
5359722851,node,Sohsarat,,hamlet,0.3960302472114563,ELEVATED,MODERATE
5359722907,node,Mawryngkhong,,hamlet,0.572439968585968,HIGH,HIGH
5371423637,node,Mayphlong,,village,0.2513711154460907,MODERATE,LOW
5371423638,node,Mevi,,hamlet,0.33843934535980225,MODERATE,LOW
5371423832,node,Lynnyang,,village,0.18943607807159424,LOW,LOW
5371424003,node,Wongkalikai,,village,0.1417372077703476,LOW,LOW
5371424423,node,Mawkliaw,,hamlet,0.13717716932296753,LOW,LOW
5371424424,node,Kemrang,,hamlet,0.16162410378456116,LOW,LOW
5371424628,node,Mawlatang,,hamlet,0.10340271145105362,LOW,LOW
5371424629,node,Tyrngei,,hamlet,0.2702835500240326,MODERATE,LOW
5371425541,node,Sohkhmi,,village,0.33262869715690613,MODERATE,LOW
5372576399,node,,,hamlet,0.158419668674469,LOW,LOW
5372576400,node,Sepplang,,hamlet,0.21762356162071228,MODERATE,LOW
5372576401,node,,,hamlet,0.08867190033197403,LOW,LOW
5372576484,node,,,hamlet,0.13059374690055847,LOW,LOW
5372576511,node,,,hamlet,0.003547500353306532,LOW,LOW
5372576826,node,Umkren,,hamlet,0.03008303791284561,LOW,LOW
5379578776,node,জাফলং,,village,0.0013200001558288932,LOW,LOW
5379578777,node,তামাবিল,,village,0.034171368926763535,LOW,LOW
5379579507,node,Lapalang,,hamlet,0.10415097326040268,LOW,LOW
5379579508,node,Nongtalang,,village,0.18637531995773315,LOW,LOW
5379579509,node,Lamin,,hamlet,0.12676812708377838,LOW,LOW
5379579510,node,Sohkha Myshon,,hamlet,0.22445130348205566,MODERATE,LOW
5379579511,node,Sohkha Shnong,,hamlet,0.15565533936023712,LOW,LOW
5379579512,node,Sohkha South,,hamlet,0.18853603303432465,LOW,LOW
5380914170,node,Rasong,,hamlet,0.5418994426727295,HIGH,HIGH
5380915127,node,,,hamlet,0.5861947536468506,HIGH,HIGH
5380915128,node,,,hamlet,0.627159595489502,HIGH,HIGH
5381238695,node,Jatah,,hamlet,0.2365197092294693,MODERATE,LOW
5381238696,node,Wahmawlein,,hamlet,0.28053510189056396,MODERATE,LOW
5381238697,node,Mawkynrew,,village,0.1700073778629303,LOW,LOW
5381238698,node,Jongksha,,village,0.36130788922309875,ELEVATED,MODERATE
5381302708,node,Syntung,,village,0.18843674659729004,LOW,LOW
5383967460,node,,,hamlet,0.039747804403305054,LOW,LOW
5383968321,node,,,hamlet,0.05027465149760246,LOW,LOW
5383968322,node,,,hamlet,0.05666155740618706,LOW,LOW
5383968323,node,,,hamlet,0.053228504955768585,LOW,LOW
5383968324,node,,,hamlet,0.03824760392308235,LOW,LOW
5383968325,node,,,hamlet,0.04577977582812309,LOW,LOW
5383968326,node,,,hamlet,0.1249319314956665,LOW,LOW
5383968521,node,Lynnongsynn,,village,0.1270599216222763,LOW,LOW
5383968522,node,,,village,0.17730236053466797,LOW,LOW
5383989465,node,Bataw,,hamlet,0.1036657840013504,LOW,LOW
5384484158,node,Sinai,,hamlet,0.14575083553791046,LOW,LOW
5384484159,node,Nonglait,,hamlet,0.19249263405799866,LOW,LOW
5384484160,node,Nongtrai,,village,0.43940386176109314,ELEVATED,MODERATE
5384484161,node,,,hamlet,0.2525782287120819,MODERATE,LOW
5384484162,node,,,hamlet,0.3834075927734375,ELEVATED,MODERATE
5384484163,node,,,hamlet,0.12093192338943481,LOW,LOW
5411122666,node,Thieddieng Nongrim,,hamlet,0.07411366701126099,LOW,LOW
5411122667,node,Phlangkynshi,,hamlet,0.3560934066772461,ELEVATED,MODERATE
5411122668,node,Phudphanblei,,hamlet,0.07854455709457397,LOW,LOW
5411122669,node,Village,,hamlet,0.08693454414606094,LOW,LOW
5411122878,node,Jynpiat,,hamlet,0.1853383183479309,LOW,LOW
5411122879,node,Domskong,,hamlet,0.2325003296136856,MODERATE,LOW
5411122880,node,Mawkaphan,,hamlet,0.4806896448135376,ELEVATED,MODERATE
5460315675,node,,,hamlet,0.23416678607463837,MODERATE,LOW
5460476937,node,,,hamlet,0.07120470702648163,LOW,LOW
5460476999,node,,,hamlet,0.12571187317371368,LOW,LOW
5460477000,node,,,hamlet,0.28349176049232483,MODERATE,LOW
5460477314,node,,,hamlet,0.0029660717118531466,LOW,LOW
5460477315,node,,,hamlet,0.06585056334733963,LOW,LOW
5460477316,node,,,hamlet,0.0521576814353466,LOW,LOW
5460477317,node,,,hamlet,0.015041845850646496,LOW,LOW
5460477318,node,,,hamlet,0.015449108555912971,LOW,LOW
5460478384,node,,,hamlet,0.13105729222297668,LOW,LOW
5465366709,node,,,hamlet,0.3014168441295624,MODERATE,LOW
5465498650,node,Thieddieng Nongthymmai,,hamlet,0.3465389013290405,MODERATE,LOW
5465498829,node,Kynshluid,,hamlet,0.28039050102233887,MODERATE,LOW
5465498830,node,Nongshluid,,hamlet,0.4391251802444458,ELEVATED,MODERATE
5465546929,node,,,hamlet,0.34812459349632263,MODERATE,LOW
5465546930,node,,,hamlet,0.19670884311199188,LOW,LOW
5465546931,node,Laitryngew,,village,0.1255229115486145,LOW,LOW
5465546955,node,,,hamlet,0.14359985291957855,LOW,LOW
5465546956,node,,,hamlet,0.08403463661670685,LOW,LOW
5465546957,node,,,hamlet,0.10015736520290375,LOW,LOW
5465546958,node,,,hamlet,0.21668188273906708,MODERATE,LOW
5465546959,node,,,hamlet,0.2610175907611847,MODERATE,LOW
5644217821,node,ফুলুয়ার চর,,hamlet,0.010629463940858841,LOW,LOW
5789836397,node,Mawlasnai,,village,0.11640992015600204,LOW,LOW
5789836398,node,Umparoi,,village,0.13501407206058502,LOW,LOW
5789836399,node,Rombai,,village,0.2156335860490799,MODERATE,LOW
5789836400,node,Ale Kunjil,,village,0.112345851957798,LOW,LOW
5789836401,node,Rapdang,,village,0.22134755551815033,MODERATE,LOW
5789836402,node,Mawlen,,village,0.12540897727012634,LOW,LOW
5789836403,node,Umswai,,village,0.09724011272192001,LOW,LOW
5789836404,node,Umswah,,village,0.14851179718971252,LOW,LOW
5789836405,node,Chikdamakha,,village,0.0778585746884346,LOW,LOW
5789836406,node,Bormarlong,,village,0.08394309878349304,LOW,LOW
5792796006,node,Borodol Bug Bari Ultar Para,,village,0.04234783351421356,LOW,LOW
5792796013,node,Eiman Pur Para,,village,0.01839485950767994,LOW,LOW
5943791353,node,Kamalpur,,village,0.006605654954910278,LOW,LOW
5945043135,node,Ampati,,village,0.007883572019636631,LOW,LOW
5945043728,node,Mahendraganj,,village,0.01821056567132473,LOW,LOW
6124455152,node,Srepur Village,,village,0.04446985945105553,LOW,LOW
6124455153,node,torong Village,,village,0.039446644484996796,LOW,LOW
6124455154,node,Noyabondo Village,,village,0.036372240632772446,LOW,LOW
6124455161,node,TaligoanVillage,,village,0.050452493131160736,LOW,LOW
6191057894,node,,,hamlet,0.19512753188610077,LOW,LOW
6191057895,node,,,hamlet,0.10336083173751831,LOW,LOW
6191057896,node,,,hamlet,0.4102214574813843,ELEVATED,MODERATE
6191057897,node,,,hamlet,0.4632037580013275,ELEVATED,MODERATE
6191064769,node,Shnongpdeng,,hamlet,0.34874197840690613,MODERATE,LOW
6203746159,node,Zingmaham,,hamlet,0.10255654156208038,LOW,LOW
6248985957,node,Baitha-Langso,,village,0.05707593634724617,LOW,LOW
6250024029,node,Ingsaw,,village,0.12271648645401001,LOW,LOW
6250025455,node,Lektheh,,hamlet,0.33442211151123047,MODERATE,LOW
6253407673,node,Umlatodh,,hamlet,0.07670348137617111,LOW,LOW
6253407686,node,Lakadong,,hamlet,0.20706894993782043,MODERATE,LOW
6253407687,node,Umlynsha,,hamlet,0.08308368176221848,LOW,LOW
6253407688,node,Posadwar,,hamlet,0.21337614953517914,MODERATE,LOW
6253407689,node,Kharkhana,,hamlet,0.3447631299495697,MODERATE,LOW
6253407690,node,Borghat,,hamlet,0.32887861132621765,MODERATE,LOW
6253407691,node,Lama,,hamlet,0.13649988174438477,LOW,LOW
6253408770,node,Bataw,,village,0.10488363355398178,LOW,LOW
6253841484,node,Lummarjai,,village,0.266478568315506,MODERATE,LOW
6253841710,node,Mupliang,,village,0.271218866109848,MODERATE,LOW
6253842329,node,Nongbah,,village,0.19306400418281555,LOW,LOW
6253845460,node,Raliang,,village,0.34347835183143616,MODERATE,LOW
6255618606,node,Nongkrem,,village,0.21381530165672302,MODERATE,LOW
6255618785,node,Smit,,village,0.2049417793750763,MODERATE,LOW
6255619980,node,Lyngshing,,hamlet,0.4406314194202423,ELEVATED,MODERATE
6255621436,node,Nongjrong,,village,0.34658312797546387,MODERATE,LOW
6255622148,node,Mawsna,,hamlet,0.2544246017932892,MODERATE,LOW
6255622177,node,Thodong,,village,0.25229543447494507,MODERATE,LOW
6255623311,node,Khliehasem,,hamlet,0.30773434042930603,MODERATE,LOW
6255623378,node,Mawsna,,hamlet,0.23914185166358948,MODERATE,LOW
6255623671,node,Nohron,,hamlet,0.12991131842136383,LOW,LOW
6255623672,node,Nongryngkoh,,hamlet,0.406720906496048,ELEVATED,MODERATE
6255624287,node,Syangkhnai,,village,0.2187575101852417,MODERATE,LOW
6255680069,node,Thynroit,,village,0.23806548118591309,MODERATE,LOW
6255680215,node,Mawber,,hamlet,0.17750363051891327,LOW,LOW
6255778045,node,Laitlyngkot,,village,0.25617173314094543,MODERATE,LOW
6255781605,node,Umlympung,,hamlet,0.5633605718612671,HIGH,HIGH
6720358434,node,Liakatganj,,village,0.016615893691778183,LOW,LOW
6986787663,node,সাগর দীঘি বালুর  ঘাট,,village,0.053090423345565796,LOW,LOW
7079174910,node,Mornai,,village,,NO DATA,NO DATA
7152463889,node,Mendipathar,,village,,NO DATA,NO DATA
7159046934,node,Balijana,,village,,NO DATA,NO DATA
7159052459,node,Rangjuli,,village,,NO DATA,NO DATA
7159054303,node,Matia,,village,,NO DATA,NO DATA
7159263817,node,Palasbari,,village,,NO DATA,NO DATA
7159270019,node,Goroimari,,village,,NO DATA,NO DATA
7159270020,node,Chamaria,,village,,NO DATA,NO DATA
7159270021,node,Nagarbera,,village,,NO DATA,NO DATA
7162274352,node,Jirang,,village,,NO DATA,NO DATA
7162274353,node,Mawphanlur,,village,0.17824070155620575,LOW,LOW
7162274355,node,Laitkroh,,village,0.29560983180999756,MODERATE,LOW
7162321057,node,Zikzak,,village,0.02017187513411045,LOW,LOW
7162321058,node,Dalu,,village,0.04259151965379715,LOW,LOW
7162321059,node,Gasuapara,,hamlet,0.17407815158367157,LOW,LOW
7162321061,node,Songsak,,village,0.17813819646835327,LOW,LOW
7162321062,node,Dambo Rongjeng,,village,0.14706678688526154,LOW,LOW
7162321063,node,Kharkutta,,village,,NO DATA,NO DATA
7162349311,node,Gambegre,,village,0.24117596447467804,MODERATE,LOW
7698287402,node,Nongnah,,village,0.09156063199043274,LOW,LOW
7838378983,node,Umkhoi,,hamlet,0.5064231157302856,HIGH,HIGH
8325386818,node,Shangpung,,village,0.2539646029472351,MODERATE,LOW
8717754896,node,Gobindanagar,,village,0.10443449765443802,LOW,LOW
8717784813,node,4 Kilo,,village,0.16052857041358948,LOW,LOW
8717788304,node,New Tumbung,,village,0.10195129364728928,LOW,LOW
8792007305,node,Synnei,,hamlet,0.4577554166316986,ELEVATED,MODERATE
8792575636,node,Mawrapat,,hamlet,0.06106888875365257,LOW,LOW
8792575637,node,Phlangwanbroi,,village,0.04370484873652458,LOW,LOW
8792575638,node,Mawsawa,,hamlet,0.07371499389410019,LOW,LOW
8792581484,node,Laitumsaw,,hamlet,0.02692202664911747,LOW,LOW
8792581485,node,Umpung,,hamlet,0.25393474102020264,MODERATE,LOW
8792581486,node,Phodkylla,,village,0.0356726199388504,LOW,LOW
8792581487,node,Umsieh,,village,0.007253571879118681,LOW,LOW
8792581488,node,Phodkroh,,village,0.10702329874038696,LOW,LOW
8792583777,node,Tlongpleng,,hamlet,0.42996224761009216,ELEVATED,MODERATE
8792583778,node,Mawpen,,village,0.18659274280071259,LOW,LOW
8792619686,node,Rangweng,,hamlet,0.12066525220870972,LOW,LOW
8792619687,node,Kynrang,,hamlet,0.2642064690589905,MODERATE,LOW
8792619688,node,Nongthymmai,,hamlet,0.2511369287967682,MODERATE,LOW
8792619689,node,Pyndensohsaw,,hamlet,0.1214175596833229,LOW,LOW
8792619690,node,Jyllep,,hamlet,0.3194097876548767,MODERATE,LOW
8792619691,node,Mawpdai,,hamlet,0.3012217581272125,MODERATE,LOW
8792619692,node,Khliehriat,,hamlet,0.1381615847349167,LOW,LOW
8792619693,node,Pomblang,,hamlet,0.20030149817466736,MODERATE,LOW
8792655595,node,Ladmawlongbah,,hamlet,0.03873236104846001,LOW,LOW
8792658145,node,Ranikor,,village,0.04798785224556923,LOW,LOW
8794012568,node,Kenmynsaw,,village,0.4363425076007843,ELEVATED,MODERATE
8794012569,node,Kenbah,,village,0.4665199816226959,ELEVATED,MODERATE
8898472255,node,Umtyllun,,hamlet,0.04708363115787506,LOW,LOW
8898472256,node,Mawtepïew,,village,0.0902305319905281,LOW,LOW
8898472257,node,Mawlongbna,,village,0.16921043395996094,LOW,LOW
8898472258,node,Lawbah,,village,0.16925087571144104,LOW,LOW
8898674297,node,Tyrsad,,village,0.39647752046585083,ELEVATED,MODERATE
8907279920,node,Weiloi,,village,0.21061192452907562,MODERATE,LOW
8907279921,node,Mawspong,,hamlet,0.18910041451454163,LOW,LOW
8907279922,node,Umlangmar,,hamlet,0.2523369789123535,MODERATE,LOW
8907279923,node,Kyrphei,,hamlet,0.320919930934906,MODERATE,LOW
8907279924,node,Rampna,,hamlet,0.5206711888313293,HIGH,HIGH
9186667385,node,Pongkung,,village,0.2588805556297302,MODERATE,LOW
9234777448,node,Pundurimakhâ,,village,0.07916929572820663,LOW,LOW
9502336954,node,Mawten,,village,0.18051272630691528,LOW,LOW
9835676256,node,Kusiura,,village,0.011660000309348106,LOW,LOW
9838215050,node,নাকুগাঁও,,village,0.035105716437101364,LOW,LOW
9838232567,node,গোবরাকুড়া,,village,0.03705786168575287,LOW,LOW
9843505109,node,Thabali,,village,0.001610000035725534,LOW,LOW
9843505110,node,Banshtala,,village,0.030945757403969765,LOW,LOW
10023328692,node,,,village,,NO DATA,NO DATA
10023328693,node,,,village,,NO DATA,NO DATA
10023328694,node,,,village,,NO DATA,NO DATA
10023328695,node,,,village,,NO DATA,NO DATA
10023328696,node,,,village,,NO DATA,NO DATA
10023328697,node,,,village,0.1638004183769226,LOW,LOW
10023395836,node,,,village,0.08402571827173233,LOW,LOW
10023395837,node,,,village,0.15806710720062256,LOW,LOW
10023395885,node,,,village,0.26766297221183777,MODERATE,LOW
10023395886,node,,,village,0.09512694925069809,LOW,LOW
10023395887,node,,,village,0.3903238773345947,ELEVATED,MODERATE
10044448578,node,,,village,0.01842714473605156,LOW,LOW
10044448579,node,,,village,0.04494500160217285,LOW,LOW
10044448580,node,,,village,0.009068571962416172,LOW,LOW
10056132175,node,,,village,0.015440000221133232,LOW,LOW
10570216797,node,Meiong,,hamlet,0.2176613211631775,MODERATE,LOW
10570230615,node,Lyngshing,,hamlet,0.6011645197868347,HIGH,HIGH
10570239687,node,Umpdem,,hamlet,0.3757762610912323,ELEVATED,MODERATE
10570246159,node,Shanghang,,hamlet,0.20050005614757538,MODERATE,LOW
10570246901,node,Mawlam,,hamlet,0.06442592293024063,LOW,LOW
10570246902,node,Khwad,,hamlet,0.17128151655197144,LOW,LOW
10570248059,node,Mawlyngngot,,hamlet,0.48492324352264404,ELEVATED,MODERATE
10570248060,node,Pynthorlangtein,,hamlet,0.050855834037065506,LOW,LOW
10570248227,node,Mawdatap,,hamlet,0.1497115045785904,LOW,LOW
10570248754,node,Laitsophie,,village,0.3065665662288666,MODERATE,LOW
10570249434,node,Sohmynting,,village,0.22066958248615265,MODERATE,LOW
10570249800,node,Kongthong,,village,0.46608078479766846,ELEVATED,MODERATE
10570249801,node,Kliehtryshi,,village,0.10633477568626404,LOW,LOW
10570251658,node,Rangphlang,,hamlet,0.5937607288360596,HIGH,HIGH
10570251660,node,Wahkhen,,hamlet,0.1322718858718872,LOW,LOW
10570253258,node,Sder,,hamlet,0.3358668386936188,MODERATE,LOW
10570253259,node,Mawmang,,hamlet,0.2230314463376999,MODERATE,LOW
10570254229,node,Jatah,,hamlet,0.21695201098918915,MODERATE,LOW
10570254230,node,Nongkwai,,hamlet,0.14360235631465912,LOW,LOW
10570254316,node,Ryngngi,,hamlet,0.6067747473716736,HIGH,HIGH
10709921605,node,Mawpun Kyrtiang,,village,0.051801785826683044,LOW,LOW
10709921608,node,Kutmadan,,village,0.1520862579345703,LOW,LOW
10709921609,node,Suktia,,village,0.05756979063153267,LOW,LOW
10725655724,node,Bholaganj,,village,0.046644262969493866,LOW,LOW
10725655725,node,Chaklabasti,,village,0.003996428567916155,LOW,LOW
10725655726,node,Nayabasti,,village,0.016650594770908356,LOW,LOW
10725655727,node,Majai,,village,0.016536906361579895,LOW,LOW
10725655745,node,Lad Sohbar,,hamlet,0.45840927958488464,ELEVATED,MODERATE
10725655747,node,Lad Ryngud,,village,0.42491012811660767,ELEVATED,MODERATE
10725655748,node,Mawblang,,hamlet,0.22498837113380432,MODERATE,LOW
10725655749,node,Nongthymmai,,village,0.10180086642503738,LOW,LOW
10725662331,node,Nohkalikai,,village,0.2735854685306549,MODERATE,LOW
11162914661,node,Dalimbari,,village,,NO DATA,NO DATA
11763920596,node,Emangre,,village,0.05431994050741196,LOW,LOW
12036551525,node,Deoli,,hamlet,,NO DATA,NO DATA
12036551526,node,Deoli,,hamlet,,NO DATA,NO DATA
12036551527,node,Baikunthapur,,hamlet,,NO DATA,NO DATA
12149855615,node,Tumpreng,,hamlet,0.03767143189907074,LOW,LOW
12149855639,node,Donka Molām,,village,0.12498961389064789,LOW,LOW
12184848896,node,Boro Langlai,,hamlet,0.13213400542736053,LOW,LOW
12184848898,node,Kurungthar,,hamlet,0.06628692150115967,LOW,LOW
12184848899,node,Thāosenpur,,hamlet,0.12899301946163177,LOW,LOW
12184848900,node,Khunti,,hamlet,0.17489464581012726,LOW,LOW
12184851609,node,Langchiru,,hamlet,0.06053837761282921,LOW,LOW
12184851610,node,Umrāngso,,hamlet,0.04275346174836159,LOW,LOW
12184851611,node,Umrāngso (16km),,hamlet,0.11608285456895828,LOW,LOW
12184851612,node,Umrāngso,,hamlet,0.14746607840061188,LOW,LOW
12184851613,node,Umrāngshu,,hamlet,0.057661231607198715,LOW,LOW
12184851614,node,Umrāngshu,,hamlet,0.07858788967132568,LOW,LOW
12186828455,node,Bangphiri,,hamlet,0.04896490275859833,LOW,LOW
12186828457,node,New Sangbar,,hamlet,0.09423451870679855,LOW,LOW
12187253911,node,Khunti,,hamlet,0.13334879279136658,LOW,LOW
12187253912,node,Sangbār block,,hamlet,0.09143205732107162,LOW,LOW
12188790698,node,Khorungma,,hamlet,0.0443032942712307,LOW,LOW
12188790699,node,Khrongma,,hamlet,0.35049116611480713,ELEVATED,MODERATE
12188790700,node,Merpung,,hamlet,0.13519492745399475,LOW,LOW
12188828671,node,Chota Lobāng,,hamlet,0.04938393458724022,LOW,LOW
12188828672,node,Lobāng,,hamlet,0.05956922844052315,LOW,LOW
12188885949,node,Garampāni,,hamlet,0.10323840379714966,LOW,LOW
12188885950,node,Neepco Colony,,hamlet,0.14048022031784058,LOW,LOW
12188885951,node,Phonglangso,,hamlet,0.12996266782283783,LOW,LOW
12188885952,node,Khandong,,hamlet,0.05272515118122101,LOW,LOW
12188888738,node,Tlanghoi,,hamlet,0.06572400778532028,LOW,LOW
12195541209,node,Latyrke,,hamlet,0.07323252409696579,LOW,LOW
12195541210,node,Shnongrim,,hamlet,0.13945215940475464,LOW,LOW
12195541211,node,Molasngi,,hamlet,0.12572509050369263,LOW,LOW
12195541213,node,Lāmarsiāng,,hamlet,0.06258264929056168,LOW,LOW
12195541214,node,Lāmarsiāng,,hamlet,0.09543789178133011,LOW,LOW
12216958362,node,Saidingbasti,,hamlet,0.09938748925924301,LOW,LOW
12216958365,node,Disāma,,hamlet,0.030027281492948532,LOW,LOW
12216958366,node,Disāma,,hamlet,0.09065619111061096,LOW,LOW
12216958367,node,New Nachangjāl,,hamlet,0.030929068103432655,LOW,LOW
12216958368,node,New Zoār,,hamlet,0.02915525808930397,LOW,LOW
12216958371,node,Kayāng,,hamlet,0.03769345209002495,LOW,LOW
12216958372,node,Zoār,,hamlet,0.029545679688453674,LOW,LOW
12216958373,node,Sāisi,,hamlet,0.03337996080517769,LOW,LOW
12216959852,node,Kayāng,,hamlet,0.1106211245059967,LOW,LOW
12216959854,node,Paschim Bāndarkhāl,,hamlet,0.2530653774738312,MODERATE,LOW
12216959855,node,Bāndarkhāl,,hamlet,0.07968848943710327,LOW,LOW
12216959857,node,Dālung Basti,,hamlet,0.3706969618797302,ELEVATED,MODERATE
12216959858,node,Durbintola,,hamlet,0.46575644612312317,ELEVATED,MODERATE
12216959859,node,Durgāchhara,,hamlet,0.24643205106258392,MODERATE,LOW
12216959860,node,Tibong,,hamlet,0.19546085596084595,LOW,LOW
12216959861,node,New Jātinga,,hamlet,0.013376488350331783,LOW,LOW
12243694657,node,Tolegre,,village,0.10248372703790665,LOW,LOW
12279692850,node,Miklipārā,,hamlet,0.4259883761405945,ELEVATED,MODERATE
12279692856,node,Craigpark,,hamlet,,NO DATA,NO DATA
12375834698,node,Tibong Cherra,,village,0.24596244096755981,MODERATE,LOW
12450410523,node,Mawtangor,,village,0.14201857149600983,LOW,LOW
12450458134,node,Mawsdei Village,,village,0.5912156105041504,HIGH,HIGH
12462561138,node,Umwai,,hamlet,0.3810705840587616,ELEVATED,MODERATE
12462563220,node,Pombut,,village,0.40228506922721863,ELEVATED,MODERATE
12465317247,node,Umsaw Myllium,,village,0.3093765079975128,MODERATE,LOW
12875788253,node,Jemānāi,,hamlet,,NO DATA,NO DATA
12875788254,node,Bleshāh,,hamlet,,NO DATA,NO DATA
12875788255,node,Bleshāh,,hamlet,,NO DATA,NO DATA
12875788256,node,Umden,,village,,NO DATA,NO DATA
12875788257,node,Nepāli Khunti,,hamlet,,NO DATA,NO DATA
12875788258,node,Māwlong,,hamlet,,NO DATA,NO DATA
12875788259,node,Umkon,,hamlet,,NO DATA,NO DATA
12875788260,node,Sohkhār,,hamlet,,NO DATA,NO DATA
13237964698,node,Doripara,,village,0.010359374806284904,LOW,LOW
13365850282,node,চর ভূরুঙ্গামারী,,village,,NO DATA,NO DATA
13365850496,node,বলদিয়া,,village,,NO DATA,NO DATA
13365850526,node,বঙ্গসোনাহাট,,village,,NO DATA,NO DATA
13371520275,node,সাহেবের আলগা,,village,,NO DATA,NO DATA
13371520301,node,বেগমগঞ্জ,,village,,NO DATA,NO DATA
13372445147,node,কোদালকাটি,,village,0.009468750096857548,LOW,LOW
13372445148,node,মোহনগঞ্জ,,village,0.014061011373996735,LOW,LOW
13373182917,node,চিলমারী ইউনিয়ন,,village,0.02145238034427166,LOW,LOW
13373182918,node,অষ্টমির চর,,village,0.027874257415533066,LOW,LOW
13374994589,node,চর শৌলমারী,,village,,NO DATA,NO DATA
13375008137,node,বন্দবেড়,,village,0.004399553406983614,LOW,LOW
13377656514,node,পাঁচগাছী,,village,,NO DATA,NO DATA
13377656515,node,যাত্রাপুর,,village,,NO DATA,NO DATA
13379261064,node,কেদার,,village,,NO DATA,NO DATA
13379540798,node,কচাকাটা,,village,,NO DATA,NO DATA
13379542200,node,নুনখাওয়া,,village,,NO DATA,NO DATA
13379542240,node,কালীগঞ্জ,,village,,NO DATA,NO DATA
13550836663,node,Sakwa,,village,0.07124360650777817,LOW,LOW
13550983409,node,Muallian,,village,0.13606642186641693,LOW,LOW
13568394638,node,Tlangmoi,,village,0.02420465461909771,LOW,LOW
13568394643,node,Tangnub,,village,0.31456223130226135,MODERATE,LOW
13568394644,node,Lelad,,village,0.07171151041984558,LOW,LOW
13568394653,node,Tongseng,,village,0.08015988767147064,LOW,LOW
13568394662,node,Umlawang,,village,0.07063467055559158,LOW,LOW
13572972983,node,Thlang Moi,,village,0.10371267795562744,LOW,LOW
610725568,way,Balijuri Gram,,village,0.030470209196209908,LOW,LOW
610725569,way,Menjargaon Gram,,village,0.030555367469787598,LOW,LOW
610725588,way,Ramnogor Gram,,village,0.020152786746621132,LOW,LOW
744684110,way,Sohryngkham,,village,0.5147437453269958,HIGH,HIGH
744688587,way,Mawlyngngad,,village,0.6108911037445068,HIGH,HIGH
744688588,way,Umphyrnai,,village,0.3332288861274719,MODERATE,LOW
882027620,way,Mirza,,village,,NO DATA,NO DATA
882027621,way,VIP Area,,village,,NO DATA,NO DATA
1082600177,way,Rasong,,village,0.6065714955329895,HIGH,HIGH
1326216261,way,Daribokgre,,village,0.3128933906555176,MODERATE,LOW
